nombre;apellido;telefono;email;dni
Dagny;Vawton;943036183;dvawton0@networksolutions.com;850220765
Maure;Guilliatt;36562657;mguilliatt1@tripod.com;695399943
Maryanna;Neeves;840391457;mneeves2@discuz.net;635002238
Murdoch;Lexa;62025359;mlexa3@diigo.com;491248950
Carline;Ricioppo;659265671;cricioppo4@comcast.net;859807773
Leticia;Shrubshall;123470548;lshrubshall5@1688.com;98896917
Bren;Luchelli;171838211;bluchelli6@opensource.org;357657411
Julie;Oxteby;828691885;joxteby7@gizmodo.com;297418034
Wilton;Merton;731659807;wmerton8@amazon.de;206114829
Fallon;Fairholme;679161499;ffairholme9@addtoany.com;233336126
